[
    {
        "name": "Tanishk ",
        "email": "rwttanishk5569@gmail.com",
        "date": "2025-04-27",
        "time": "6pm",
        "notes": ""
    },
    {
        "name": "Tanishk ",
        "email": "rwttanishk5569@gmail.com",
        "date": "2025-04-12",
        "time": "12pm",
        "notes": ""
    },
    {
        "name": "Tanishk ",
        "email": "rwttanishk5569@gmail.com",
        "date": "2025-04-20",
        "time": "12pm",
        "therapist": null,
        "notes": ""
    }
]